id,name,loc_city,loc_region,loc_country,chief_instructor,anchor,website
dojo:aaa-aai-headquarters-tenshinkan-dojo,"AAA & AAI Headquarters - Tenshinkan Dojo",Chicago,IL,USA,"Tatsuo Toyoda",0,https://aaa-aikido.com
dojo:aiki-muenster,"Aiki Muenster",,,,"Gabriele Bixel",0,http://www.aiki-muenster.de/
dojo:aikido-acacia-antwerp,"Aikido Acacia Antwerp",,,,"Roel Suetens",0,https://aikidoacacia.be
dojo:aikido-acacia-edegem,"Aikido Acacia Edegem",,,,"Roel Suetens",0,https://aikidoacacia.be
dojo:aikido-acacia-lier,"Aikido Acacia Lier",,,,"Roel Suetens",0,https://aikidoacacia.be
dojo:aikido-aikikai-yaku-dojo-asociacion-morihei-ueshiba-del-peru,"AIKIDO AIKIKAI YAKU DOJO - ASOCIACIÓN MORIHEI UESHIBA DEL PERÚ",,,,"Juan Carlos Flores",0,https://www.facebook.com/AikidoAikikaiYakuDojo
dojo:aikido-aruba,"Aikido Aruba",Noord,,Aruba,"Bryan Coffie",0,https://www.facebook.com/groups/118112464893993/
dojo:aikido-avila-dojo-aikikai,"AIKIDO AVILA DOJO AIKIKAI",,,,"Henry Bellorin",0,https://www.facebook.com/profile.php?id=100005647398106
dojo:aikido-cedar-rapids,"Aikido Cedar Rapids","Cedar Rapids",IA,USA,"Jayne Thompson",0,https://www.AikidoCedarRapids.com
dojo:aikido-center-of-atlanta,"Aikido Center of Atlanta","Avondale Estates",GA,USA,"George W. Kennedy",0,https://www.aikidocenterofatlanta.com/
dojo:aikido-center-of-jacksonville,"Aikido Center of Jacksonville",Jacksonville,FL,USA,"Dee Seabolt",0,http://www.findyourcenter.net/
dojo:aikido-chiheisen,"Aikido Chiheisen","San Juan",PR,USA,"PHILIP BERRIOS",0,"No website."
dojo:aikido-de-la-montagne,"Aikido de la Montagne",,,,"Robert Saad",0,http://www.aikidodelamontagne.com
dojo:aikido-fujisan-dojo,"AIKIDO FUJISAN DOJO",,,,"Maykell Torres",0,N/A
dojo:aikido-gro-hesepe,"Aikido Groß Hesepe",,,,"Andrea Moss",0,https://sv-gross-hesepe.de/abteilung/aikido
dojo:aikido-institute-of-newfoundland,"Aikido Institute of Newfoundland",,,,"Paul L. Glavine",0,http://www.aikidonl.com/
dojo:aikido-kuwait,"Aikido Kuwait",,,,"Mohammad Alhamar",0,https://facebook.com/AikidoKuwaitDojo
dojo:aikido-la-forge,"Aikido la Forge",,,,"Stephane Janczuk",0,http://aikidolaforge.com/
dojo:aikido-new-london-county,"Aikido New London County",Waterford,CT,USA,"Crystal N. Aldrich",0,http://aikidonewlondoncounty.com
dojo:aikido-north-jersey,"Aikido North Jersey",Teaneck,NJ,USA,"Jerry B. Zimmerman",0,http://AIKIDONJ.COM/
dojo:aikido-oakville,"AIKIDO OAKVILLE",,,,"Labeeb Zaatara",0,https://www.facebook.com/AikidoOakville
dojo:aikido-of-amarillo,"Aikido of Amarillo",Amarillo,TX,USA,"A. Scott DeJesse",0,https://www.facebook.com/Aikido-of-Amarillo-97616394896/
dojo:aikido-of-amherst,"Aikido of Amherst",Amherst,MA,USA,"Heath Atchley",0,http://www.aikidoofamherst.com/
dojo:aikido-of-austin,"AIKIDO OF AUSTIN",Austin,TX,USA,"Josef Birdsong Shihan",0,http://www.austinaikido.org
dojo:aikido-of-central-new-york,"Aikido of Central New York",Jamesville,NY,USA,"Jonathan Reid",0,http://www.aikidocny.com/
dojo:aikido-of-charlotte,"Aikido of Charlotte",Huntersville,NC,USA,"Jonathan A. Weiner",0,http://www.aikidoofcharlotte.com/
dojo:aikido-of-chester-county,"Aikido of Chester County","West Chester",PA,USA,"Kenneth M. Cadogan",0,http://www.aikidochesco.com/
dojo:aikido-of-cincinnati,"Aikido of Cincinnati",Cincinnati,OH,USA,"Charles T. McGinnis",0,http://www.aikidocincy.org/
dojo:aikido-of-colorado,"Aikido of Colorado","Fort Collins",CO,USA,"Victor Hung",0,http://www.aikidoofcolorado.info/
dojo:aikido-of-dallas,"Aikido of Dallas",Dallas,TX,USA,"Robert M. Mason",0,http://www.aikido.org/dallas
dojo:aikido-of-el-paso,"Aikido of El Paso","El Paso",TX,USA,"Paul Forhan",0,http://www.aikidoofelpaso.org/
dojo:aikido-of-fairfield-county,"Aikido of Fairfield County",Stamford,CT,USA,"Raymond S. Farinato",0,http://aikidofc.com/
dojo:aikido-of-hattiesburg,"Aikido of Hattiesburg",Hattiesburg,MS,USA,"Danilo Mezzadri",0,http://aikidohattiesburg.com/
dojo:aikido-of-hernando-county,"Aikido of Hernando County",Brooksville,FL,USA,"Dale Roznowski",0,http://aikidohernando.com
dojo:aikido-of-miami,"Aikido of Miami",Miami,FL,USA,"Gustavo J. Ramos",0,http://aikidoofmiami.com
dojo:aikido-of-nassau-county,"Aikido of Nassau County",Lynbrook,NY,USA,"Joseph F. Nemeth",0,http://aikido4nassaucounty.com/
dojo:aikido-of-new-orleans,"Aikido of New Orleans","New Orleans",LA,USA,"Arturo A. Peal",0,http://AIKIDONEWORLEANS.ORG/
dojo:aikido-of-norfolk,"Aikido of Norfolk","Virginia Beach",VA,USA,"James A. Baker",0,http://www.aikidonorfolk.com/
dojo:aikido-of-northampton,"Aikido of Northampton",Florence,MA,USA,"Karen Peterson",0,http://aikidoofnorthampton.org/
dojo:aikido-of-northwest-kansas,"Aikido of Northwest Kansas",Hays,KS,USA,"Brandon Nimz",0,https://aikidoofnorthwestkansas.com
dojo:aikido-of-northwest-kansas-wichita-aikido-club,"Aikido of Northwest Kansas Wichita Aikido Club",,KS,USA,"Jason DeArmond",0,https://aikidoofnorthwestkansas.com
dojo:aikido-of-park-slope,"Aikido of Park Slope",Brooklyn,NY,USA,"Hal Lehrman Jr.",0,http://www.AikidoOfParkSlope.com/
dojo:aikido-of-prescott,"Aikido of Prescott",Prescott,AZ,USA,"Robert W. Ward",0,http://www.aikidoofprescott.org/
dojo:aikido-of-quinte-west,"AIKIDO OF QUINTE WEST",,,,"Ezzard Neri",0,https://www.facebook.com/groups/1140237496156604/
dojo:aikido-of-ramapo-valley,"Aikido of Ramapo Valley",Wyckoff,NJ,USA,"Eran Vardi",0,http://www.aikidospirit.com/
dojo:aikido-of-raritan-valley,"Aikido of Raritan Valley",,,,,0,
dojo:aikido-of-raritan-valley-ren-sei-kan,"Aikido of Raritan Valley/Ren Sei Kan",Hillsborough,NJ,USA,"Paul Manogue",0,http://www.aikidoofraritanvalley.com
dojo:aikido-of-red-bank,"Aikido of Red Bank",Middletown,NJ,USA,"James Soviero",0,http://www.aikidoredbank.com/
dojo:aikido-of-santa-barbara,"Aikido of Santa Barbara","Santa Barbara",CA,USA,"Christine Wong",0,http://www.aikidoofsantabarbara.com/
dojo:aikido-of-scottsdale,"Aikido of Scottsdale",,,,,0,
dojo:aikido-of-seminole-county,"Aikido of Seminole County",Casselberry,FL,USA,"Youssef Sadkane",0,http://www.sadkaneaikidoschool.com/
dojo:aikido-of-shreveport,"Aikido of Shreveport",Shreveport,LA,USA,"William R. Ross",0,https://shreveportmartialarts.com
dojo:aikido-of-the-canyon-lands,"Aikido of the Canyon Lands",Tucson,AZ,USA,"Gail Skinner",0,"No website."
dojo:aikido-of-the-canyonlands,"Aikido of the Canyonlands",,,,,0,
dojo:aikido-of-westchester,"Aikido of Westchester",Hartsdale,NY,USA,"Douglas Firestone",0,http://www.aikidoofwestchester.com/
dojo:aikido-ryu-mauritius,"Aikido Ryu (Mauritius)",,,,"Nemraz Juggoo",0,
dojo:aikido-sakura,"AIKIDO SAKURA",,,,"Angel Augusto González Linares",0,https://www.facebook.com/profile.php?id=100064027725774
dojo:aikido-santa-fe-dojo-kawai-asociacion-samurai-aikido-kawai,"AIKIDO SANTA FE DOJO KAWAI - ASOCIACION SAMURAI AIKIDO KAWAI",,,,"Carlos Alberto Jara",0,https://www.aikido.com.uy/
dojo:aikido-santa-fe-miyazawa-dojo-asociacion-samurai-aikido-kawai,"AIKIDO SANTA FE MIYAZAWA DOJO - ASOCIACION SAMURAI AIKIDO KAWAI",,,,"Carlos Alberto Jara",0,https://www.aikido.com.uy/
dojo:aikido-schools-of-new-jersey,"Aikido Schools of New Jersey","Roselle Park",NJ,USA,"Jay Tall",0,http://www.aikidoschoolsnj.com/
dojo:aikido-shobukan-dojo,"Aikido Shobukan Dojo",Washington,DC,USA,"Mitsugi Saotome",1,https://www.shobukan.org/
dojo:aikido-training-academy,"Aikido Training Academy",Oceanside,CA,USA,"Aaron Boehmer",0,https://aikidotrainingacademy.com
dojo:aikikai-bonheiden,"Aikikai Bonheiden",,,,"Jef Snellings",0,
dojo:aikikai-de-l-universite-laval,"Aikikai de L'Universite Laval",,,,"Jean Laplante",0,http://www.aikikai-ulaval.com/
dojo:aikikai-hombu-dojo,"Aikikai Hombu Dojo",Tokyo,,Japan,,1,https://www.aikikai.or.jp/eng/
dojo:aikikai-if-philadelphia,"Aikikai if Philadelphia",,,,,0,
dojo:aikikai-of-philadelphia,"Aikikai of Philadelphia",Philadelphia,PA,USA,"Roderick J. Johnson",0,http://www.aikikaiofphiladelphia.org/
dojo:aikikai-shinka-dojo,"Aikikai Shinka Dojo",,,,"Paulo Volochyn",0,http://aikidoshinka.com.br
dojo:aikikai-tampa-brasil,"Aikikai Tampa Brasil",,,,"Vanessa Stringheti",0,http://www.aikikaitampabrasil.org
dojo:aikikai-tarragona,"AIKIKAI TARRAGONA",,,,"Ali Farhat Monasterios",0,N/A
dojo:aikisur-aldea-del-fresno,"Aikisur – Aldea del Fresno",,,,Mission,0,https://aikisur.es
dojo:aikisur-navalcarnero,"Aikisur – Navalcarnero",,,,Mission,0,https://shindokan.es
dojo:aikisur-villa-del-prado,"Aikisur – Villa del Prado",,,,"Alejandro Marduck Aguilar",0,https://aikisur.es
dojo:aiseishinkan-dojo,"Aiseishinkan Dojo",,WI,USA,"Susan Dutton",0,https://www.eq-do.com/AiSeiShinKan-Dojo
dojo:alamo-area-aikikai,"Alamo Area Aikikai","San Antonio",TX,USA,"Angela W. Murphy",0,http://www.alamoareaaikikai.org/
dojo:albant-aikido,"Albant Aikido",,,,,0,
dojo:albany-aikido,"Albany Aikido",Watervliet,NY,USA,"Kevin P. Grace",0,http://www.albanyaikido.com/
dojo:allegheny-college-aikikai,"Allegheny College Aikikai",Meadville,PA,USA,"Robert Humphreys",0,https://sites.google.com/allegheny.edu/alleghenycollegeaikikai/home
dojo:andes-aikido-dojo-asociacion-samurai-aikido-kawai,"ANDES AIKIDO DOJO - ASOCIACION SAMURAI AIKIDO KAWAI",,,,"Francisco Matamala",0,https://www.aikido.com.uy
dojo:appalachian-ki-aikido,"Appalachian Ki-Aikido",,"South Carolina",USA,,0,http://www.appkiaikido.org/
dojo:arizona-ki-society,"Arizona Ki Society",,Arizona,USA,"Kirk Fowler",0,http://www.arizonakisociety.com/
dojo:art-of-peace-aikido,"ART OF PEACE AIKIDO","Stone Ridge",NY,USA,"Annette Schediwy Mackrel",0,https://artofpeaceaikido.org/
dojo:asahi-schools-of-aikido,"ASAHI SCHOOLS OF AIKIDO",Collegeville,PA,USA,"Michael Aloia",0,http://www.asahidojo.com
dojo:asheville-aikikai,"Asheville Aikikai",Weaverville,NC,USA,"Daniel Palmer",0,http://www.aikidonc.org/
dojo:associacio-andorrana-d-aikido-kokoro-dojo-internacional,"ASSOCIACIÓ ANDORRANA D'AIKIDO - KOKORO DOJO INTERNACIONAL",,,,"Diego Alberto Lozza",0,https://aikidoandorra.com/
dojo:athens-ki-aikido,"Athens Ki Aikido",,Ohio,USA,"Stan Haehl",0,http://athens-ki-aikido.net/
dojo:augusta-aikido-club,"Augusta Aikido Club",Augusta,GA,USA,"Darrell Tangman",0,http://aikiaugusta.org/
dojo:austin-aikikai,"Austin Aikikai",Austin,TX,USA,"Damir A. Jamsek",0,http://austinaikikai.org/
dojo:austin-ki-aikido,"Austin Ki Aikido",,Texas,USA,"Koichi Kashiwaya / Michael Farris",0,https://www.austinkiaikido.org/home
dojo:austin-ki-movement,"Austin Ki Movement",,Texas,USA,"Koichi Kashiwaya / Jason Rosnenblum",0,https://ki.life
dojo:bahrain-aikido-academy,"Bahrain Aikido Academy",,,,Mission,0,https://aikidobahrain.com/
dojo:beach-cities-aikido,"Beach Cities Aikido",,CA,USA,Mission,0,https://beachcitiesaikido.com
dojo:bend-ki-aikido-dojo,"Bend Ki Aikido Dojo",,Oregon,USA,"Brad Welker",0,http://www.oregonki.org
dojo:bermuda-aikikai,"Bermuda Aikikai",,,,"Collins Smith",0,https://bermudaaikido.com/
dojo:blue-ridge-ki-society,"Blue Ridge Ki Society",,Argentina,USA,,0,
dojo:bogota-aikido,"Bogota Aikido",,,,"Alix Adriana Llanes Arenas",0,http://www.bogotaikido.com
dojo:boston-aikikai,"Boston Aikikai",Boston,MA,USA,"Vu Xuan Ha",0,http://www.bostonaikikai.org/
dojo:boulder-ki-aikido,"Boulder Ki-Aikido",,Colorado,USA,"Koichi Kashiwaya / Abel Vilacorta",0,http://boulderkiaikido.org
dojo:brampton-aikikai,"BRAMPTON AIKIKAI",Brampton,ON,Canada,"Richard McNeillie",0,https://www.bramptonaikikai.org/
dojo:brave-spirit-aikido,"Brave Spirit Aikido",Midvale,UT,USA,"Mark Szczepanski",0,http://bravespiritaikido.com
dojo:brevard-aikikai,"Brevard Aikikai",Melbourne,FL,USA,"Grady D. Lane",0,http://www.brevardaikikai.com/
dojo:bronx-aikikai,"BRONX AIKIKAI","New York",NY,USA,"Dale Nordenberg",0,N/A
dojo:bushwick-dojo,"BUSHWICK DOJO","New York",NY,USA,"Claire Keller",0,https://brooklynaikido.com/
dojo:capital-hill-aikikai,"Capital Hill Aikikai",,,,,0,
dojo:capitol-hill-aikikai,"Capitol Hill Aikikai",Washington,DC,USA,"Michael Martin",0,http://www.capitolhillaikikai.org/
dojo:casablanca-aikikai,"Casablanca Aikikai",,,,"Driss Benmoussa",0,"No website."
dojo:celje,Celje,,,,"Matjaz Dobravec",0,https://shodokan.si
dojo:center-island-aikido,"Center Island Aikido",Smithtown,NY,USA,"Richard Morrison",0,http://centerislandaikido.com/
dojo:center-point-aikido,"CENTER POINT AIKIDO","Toms River",NJ,USA,"Craig Johnson",0,http://centerpointaikido.com/
dojo:central-aikido,"Central Aikido",Warrenburg,MO,USA,"Thomas Burden",0,http://centralaikido.org/
dojo:central-illinois-aikikai,"Central Illinois Aikikai",Urbana,IL,USA,"Knut T.O. Bauer",0,http://www.aikidocia.org/
dojo:central-new-brunswick-aikikai,"Central New Brunswick Aikikai",,,,"Evie Pond",0,https://fredericton.ymca.ca/
dojo:central-ymca-ki-aikido-dojo,"Central YMCA Ki Aikido Dojo",,Hawaii,USA,"Linda Sasaki",0,http://www.hawaiikiaikido.org/
dojo:chatham-aikido,"Chatham Aikido",Chatham,NY,USA,"Eiji Kurashige",0,"No website."
dojo:chicago-ki-aikido,"Chicago Ki Aikido",,Illinois,USA,"Jonathan R. Eley",0,http://evki.bravesites.com
dojo:chiheisen-dojo,"Chiheisen Dojo",,,,,0,
dojo:choetsu-aikido,"Choetsu Aikido",,,,"Frank Spera",0,
dojo:chudokan-dojo,"Chudokan Dojo",,,"Hilton Resort Mangaf","Mohammed Alajmi Sensei",0,https://instagram.com/chudokankuwaitt
dojo:chushin-aikikai,"Chushin Aikikai",Omaha,NE,USA,"Daniel Hayes",0,http://www.chushinaikikai.com/
dojo:chushinkan-dojo,"Chushinkan Dojo",,,,"James Nakayama",0,http://chushinkan.com
dojo:columbia-aikikai,"Columbia Aikikai","West Columbia",SC,USA,"Curtis Lamar Sanders Jr.",0,"No website."
dojo:commonwealth-aikikai,"COMMONWEALTH AIKIKAI",Woburn,MA,USA,"David Farrell Shihan",0,https://www.facebook.com/Commonwealth-Aikikai-114830018549266/
dojo:connecticut-ki-aikido,"Connecticut Ki-Aikido",,"South Carolina",USA,,0,http://www.connectiutkiaikido.com/
dojo:cornell-aikido-club,"Cornell Aikido Club",Ithaca,NY,USA,"Yukiko KATAGIRI",0,http://www.cornellaikidoclub.com/
dojo:corvallis-ki-aikido-dojo,"Corvallis Ki Aikido Dojo",,Oregon,USA,"Bill Peterson",0,http://www.oregonki.org
dojo:crescent-city-aikikai,"Crescent City Aikikai","New Orleans",LA,USA,"Yordan Yordanov",0,"No website."
dojo:daikouwan-great-harbour-aikikai,"Daikouwan/Great Harbour Aikikai",,,,"Graham Fraser",0,"No website."
dojo:dairyukai-aikikai,"Dairyukai Aikikai",,,,"Fabio Chirinos",0,http://dairyukai.com/
dojo:denver-ki-aikido-dojo,"Denver Ki-Aikido Dojo",,Colorado,USA,"Koichi Kashiwaya / Susan Chandler",0,http://denverkiaikido.com
dojo:diamond-state-aikido,"Diamond State Aikido","New Castle",DE,USA,"John Hadfield",0,http://www.diamondstateaikido.com/
dojo:dojo-aikikai-uclv-kan-sho-ryu,"DOJO AIKIKAI UCLV - KAN SHO RYU",,,,"Alberto Rodríguez Carvajal",0,N/A
dojo:dojo-himawari-asociacion-morihei-ueshiba-del-peru,"DOJO HIMAWARI - ASOCIACIÓN MORIHEI UESHIBA DEL PERÚ",,,,"Juan Carlos Delgado",0,https://www.facebook.com/DojoHimawari/
dojo:dojo-manuel-cormenzana,"DOJO MANUEL CORMENZANA",,,,"Manuel Cormenzana Casuriaga",0,N/A
dojo:dojo-shin-sakura,"DOJO SHIN SAKURA",,,,"Alexis Botiel Fernandez",0,N/A
dojo:domzale,Domzale,,,,"Matjaz Dobravec",0,https://shodokan.si
dojo:east-end-aikido-nl,"East End Aikido NL",,,,"Colleen M Hogan",0,https://eeaikidonl.myfreesites.net/
dojo:eastern-ki-federation,"Eastern Ki Federation",,"South Carolina",USA,"David Shaner, EKF Chief Instructor",0,http://www.easternkifederation.com/
dojo:el-pas-aikikai,"El Pas Aikikai",,,,,0,
dojo:el-paso-aikikai,"El Paso Aikikai","El Paso",TX,USA,"Wayne Massey",0,"No website."
dojo:elkton-valley-ki-aikido,"Elkton Valley Ki-Aikido",,Virginia,USA,,0,http://www.elktonkiaikido.org/
dojo:endokan-dojo,"Endokan Dojo",,,,Mission,0,https://aikisur.es
dojo:endokan-dojo-satellite,"Endokan Dojo – Satellite",,,,"Alberto Alonso Conchina",0,https://aikisur.es
dojo:escuela-nacional-de-aikido-zen-bu-dojo-aikikai-venezuela,"ESCUELA NACIONAL DE AIKIDO ZEN BU DOJO AIKIKAI VENEZUELA",,,,"Jesús A. González Jiménez",0,N/A
dojo:eugene-ki-aikido-dojo,"Eugene Ki Aikido Dojo",,Oregon,USA,"Terry Copperman",0,http://www.oregonki.org
dojo:evanston-aikido-center,"Evanston Aikido Center",Evanston,IL,USA,"Art Wise",0,http://www.evanstonaikidocenter.com/
dojo:fairfield-iowa-aikikai,"Fairfield Iowa Aikikai",Fairfield,IA,USA,"Motier Haskins",0,http://www.fairfieldaikido.com
dojo:fenton-ki-aikido,"Fenton Ki-Aikido",,Missouri,USA,"Koichi Kashiwaya /Tomoyuki Nishino",0,http://www.fentonkiaikido.com
dojo:finger-lakes-aikido,"Finger Lakes Aikido",Ithaca,NY,USA,"Larry E. Bieri",0,http://www.fingerlakesaikido.com/
dojo:florida-aikikai,"Florida Aikikai","Fort Lauderdale",FL,USA,"Penny Strake Bernath",0,http://www.floridaaikikai.com/
dojo:fort-worth-aikikai,"Fort Worth Aikikai","Fort Worth",TX,USA,"Ashley Coles",0,http://fortworthaikikai.org
dojo:framingham-aikikai,"FRAMINGHAM AIKIKAI",Natick,MA,USA,"David Halprin Shihan",0,http://www.aikidoframingham.com
dojo:franklin-ki-aikido,"Franklin Ki Aikido",,"New Jersey",USA,"Koichi Kashiwaya / Mort Melman",0,
dojo:fudoshin-aiki,"Fudoshin Aiki",,,,"Rafael Urrutia Pairol",0,
dojo:fudoshin-aikikai,"Fudoshin Aikikai",,,,"Michael Clair",0,https://fudoshin.ca
dojo:furman-ki-aikido,"Furman Ki-Aikido",,"South Carolina",USA,,0,https://orgsync.com/40988/chapter
dojo:glen-ellyn-aikido-club,"Glen Ellyn Aikido Club","Glen Ellyn",IL,USA,"Matthias Lynch",0,http://aikidogeac.org/
dojo:gold-coast-aikikai,"Gold Coast Aikikai",Miami,FL,USA,"Maria Cristina Dumlao",0,http://www.aikikai.com/
dojo:granite-state-aikido-club,"Granite State Aikido Club",Merrimack,NH,USA,"Michel J. Hovan",0,http://www.gsaikido.com
dojo:greater-hartford-aikikai,"Greater Hartford Aikikai",Manchester,CT,USA,"Michael Sheahon",0,http://aikidohartford.com/
dojo:greater-moncton-aikikai,"Greater Moncton AIkikai",,,,"DEREK LEBLANC",0,"No website."
dojo:green-bay-ki-aikido,"Green Bay Ki-Aikido",,"South Carolina",USA,,0,
dojo:grinnell-aikikai,"Grinnell Aikikai",Grinnell,IA,USA,"Charles E. Cunningham",0,"No website."
dojo:hagakure-dojo-asociacion-samurai-aikido-kawai,"HAGAKURE DOJO - ASOCIACION SAMURAI AIKIDO KAWAI",,,,"Pablo Vitelio",0,aikido.com.uy
dojo:hanapepe-ki-aikido-dojo,"Hanapepe Ki Aikido Dojo",,Hawaii,USA,"Dean Mayer",0,http://www.hawaiikiaikido.org/
dojo:happu-aikido-dojo,"HAPPU AIKIDO DOJO",,,,"Aneida González",0,N/A
dojo:harvard-aikikai,"Harvard Aikikai",Cambridge,MA,USA,"Daryl Muranaka",0,https://sites.google.com/view/harvardaikikai/home?authuser=0
dojo:hatsudokan-dojo,"Hatsudokan Dojo",,,,"Raul Espinosa y Jorge Aguilar",0,https://aikisur.es
dojo:hawaii-ki-federation,"Hawaii Ki Federation",,Hawaii,USA,"Eric Nonaka",0,https://www.hawaiikifederation.org/
dojo:heaven-and-earth-aikido,"Heaven and Earth Aikido",Herndon,VA,USA,"Brian Ericksen",0,http://heavenandearthaikido.org
dojo:hillsboro-ki-aikido-dojo,"Hillsboro Ki-Aikido Dojo",,Oregon,USA,"Paul Rebollido",0,http://www.oregonki.org
dojo:hilo-ki-aikido-dojo,"Hilo Ki Aikido Dojo",,Hawaii,USA,"David Kaneshiro",0,http://www.hawaiikiaikido.org/
dojo:hoboken-aikikai,"Hoboken Aikikai",Hoboken,NJ,USA,"Michael J. McNally",0,http://hobokenaikikai.com/
dojo:honokaa-ki-aikido-dojo,"Honokaa Ki Aikido Dojo",,Hawaii,USA,"Lillian Paiva",0,http://www.hawaiikiaikido.org/
dojo:honolulu-ki-society,"Honolulu Ki Society",,Hawaii,USA,"Phil Smith, Chris Omuro, Jeff Carlson",0,http://www.honoluluki.org
dojo:honsen-aikikai,"HONSEN AIKIKAI",Narberth,PA,USA,"Andrew Benioff",0,N/A
dojo:houston-aikido,"Houston Aikido","League City",TX,USA,"Jonel Romero",0,https://houstonaikido.org
dojo:houston-aikikai,"Houston Aikikai",Houston,TX,USA,"Richard Gibbs",0,http://www.houstonaikikai.org
dojo:houston-ki-aikido-dojo,"Houston Ki-Aikido Dojo",,Texas,USA,"Koichi Kashiwaya / Colin Li Pi Shan",0,http://www.houstonkiaikido.org
dojo:howard-county-ki-society,"Howard County Ki Society",,Maryland,USA,"Koichi Kashiwaya / Russell Daubar",0,
dojo:illiana-aikikai,"Illiana Aikikai",Highland,IN,USA,"Wyatt Smith",0,http://www.highlandkarate.org/
dojo:indiana-ki-aikido,"Indiana Ki Aikido",,"South Carolina",USA,,0,http://indianakiaikido.com/
dojo:instituto-makaro-de-aikido,"Instituto Makaro de Aikido",,,,,0,
dojo:instituto-makoto-de-aikido,"Instituto Makoto de Aikido",,,,"Josemar Dias",0,http://www.aikidoaracaju.com.br
dojo:intermountain-aikido,"Intermountain Aikido",,,,"Jeremy Neff",0,
dojo:iowa-city-aikikai,"Iowa City Aikikai","Iowa City",IA,USA,"Ivar W. Christopher",0,https://www.facebook.com/iowacityaikikai/
dojo:island-aikido,"Island Aikido","Johns Island",SC,USA,"Max C Sherman",0,http://www.Islandaikidobainbridge.com
dojo:jatun-dojo,"Jatun Dojo",Quito,,Ecuador,"Juan Pablo Guachamin Andrade",0,https://jatundojo.wixsite.com/misitio
dojo:jonesboro-aikido,"Jonesboro Aikido",Jonesboro,AR,USA,"Perry Ivy",0,http://WWW.aikijonesar.homestead.com/
dojo:joshinkan-dojo-the-aikido-academy-of-nc,"Joshinkan Dojo / The Aikido Academy of NC",Raleigh,NC,USA,"Jon Whatley",0,http://raleighaikido.com/
dojo:joshua-tree-aikido-collaborative,"JOSHUA TREE AIKIDO COLLABORATIVE","Yucca Valley",CA,USA,"Janice Taitel",0,htpps://tinyurl.com/JTreeAikido
dojo:jyushinkan-dojo-aikido-of-northern-utah,"Jyushinkan Dojo / Aikido of Northern Utah",Logan,UT,USA,"Ronald C. Sims",0,
dojo:kaist-aikido,"KAIST Aikido",,,,,0,
dojo:kaist-aikido-club,"KAIST Aikido Club",,,,"Michael S. Pak",0,"No website."
dojo:kan-sho-ryu-dojo,"KAN SHO RYU DOJO",,,,"Leonel Sánchez Sotolongo",0,N/A
dojo:kanjou-dojo-asociacion-samurai-aikido-kawai,"KANJOU DOJO - ASOCIACION SAMURAI AIKIDO KAWAI",,,,"Rubel Batista",0,https://www.aikido.com.uy
dojo:kansas-city-aikido-school,"Kansas City Aikido School","Kansas City",MO,USA,"Larry Graham",0,http://www.kcaikido.com/
dojo:kansas-city-ki-aikido-society,"Kansas City Ki-Aikido Society",,Kansas,USA,"Koichi Kashiwaya / H. Vic Montgomery",0,
dojo:kapaa-ki-aikido-dojo,"Kapaa Ki Aikido Dojo",,Hawaii,USA,"Rene Relacion",0,http://www.hawaiikiaikido.org/
dojo:katsujinken-dojo-asociacion-morihei-ueshiba-del-peru,"KATSUJINKEN DOJO - ASOCIACIÓN MORIHEI UESHIBA DEL PERÚ",,,,"Javier Raa",0,N/A
dojo:kendokan-dojo,"Kendokan Dojo",,,,"Sensei Bader Al Saifan",0,
dojo:kenosha-aikikai,"Kenosha Aikikai",Kenosha,WI,USA,"ROCK LAZO",0,http://www.kenoshaaikikai.org/
dojo:kenshinkan-dojo-aikido-of-north-county,"Kenshinkan Dojo – Aikido of North County",Vista,CA,USA,"Ken MacBeth",0,https://aikidoofnorthcounty.com
dojo:kentuckiana-aikikai,"Kentuckiana Aikikai",Louisville,KY,USA,"Alicia C. Hardesty-Cordero",0,https://www.kyaikikai.com/
dojo:kern-river-aikikai,"Kern River Aikikai",Bakersfield,CA,USA,"Jason Parsons",0,http://www.bakersfieldbudo.com/
dojo:ki-aikido-of-anderson-valley,"Ki-Aikido of Anderson Valley",,California,USA,"Alex Korn",0,
dojo:ki-jin-dojo,"Ki Jin Dojo",,,,"Chris Verhaeren",0,https://aikidobeveren.be
dojo:ki-jin-haasdonk,"Ki Jin Haasdonk",,,,"Dana Caluwaerts",0,https://aikidobeveren.be
dojo:ki-jin-temse,"Ki Jin Temse",,,,"Chris Verhaeren",0,https://aikidobeveren.be
dojo:ki-rei-shinkan-aikido-dojo,"Ki Rei Shinkan Aikido Dojo",Salem,NH,USA,Mission,0,https://aikido-dojo.org/
dojo:kingston-aikido,"Kingston Aikido",Kingston,NY,USA,"Brian Mizerak",0,http://www.kingstonaikido.com/
dojo:kitsap-aikido,"Kitsap Aikido",Poulsbo,WA,USA,"Robert L. Clark",0,http://www.kitsapaikido.org/
dojo:knoxville-aikikai,"Knoxville Aikikai",Knoxville,TN,USA,"Rob  Crowell",0,http://www.knoxvilleaikidocenter.com
dojo:kokoro-dojo,"KOKORO DOJO",,,,"Daniel Eduardo Medina",0,https://kokorodojo.com.ar
dojo:konshinkan-dojo,"Konshinkan Dojo",,,,"Robert Ford",0,
dojo:kototama-dojo-asociacion-morihei-ueshiba-del-peru,"KOTOTAMA DOJO - ASOCIACIÓN MORIHEI UESHIBA DEL PERÚ",,,,"Jorge Campos",0,https://www.instagram.com/kototama.dojo/
dojo:kranj,Kranj,,,,Mission,0,https://shodokan.si
dojo:kyiv-aikido-club,"KYIV AIKIDO CLUB",,,,"Mykola Yemelianov",0,https://www.kyiv-aikido.club/
dojo:lahaina-ki-aikido,"Lahaina Ki Aikido",,Hawaii,USA,"Rick Lewis",0,http://LahainaKiAikido.com
dojo:lake-county-aikikai,"Lake County Aikikai",Eustis,FL,USA,"Edmund Di Marco",0,http://lakeaikikai.com/
dojo:las-vegas-ki-aikido-dojo,"Las Vegas Ki Aikido Dojo",,California,USA,"Wayne Tsuma",0,
dojo:lawrence-ki-aikido-dojo,"Lawrence Ki-Aikido Dojo",,Kansas,USA,"Koichi Kashiwaya / George Andrew LeBar",0,
dojo:lenape-aikikai,"Lenape Aikikai","Egg Harbor Township",NJ,USA,"Acxel Saravia",0,http://www.lenapeaikikai.com/
dojo:lewiston-aikido-willow,"Lewiston Aikido/WIllow",Lewiston,ME,USA,"Diane P. Dubois",0,"No website."
dojo:litchfield-hills-aikikai,"Litchfield Hills Aikikai",Litchfield,CT,USA,"Laura Jacobs Pavlick",0,http://www.litchfieldaikido.com/
dojo:little-apple-aikido-ksu-aikido,"Little Apple Aikido (KSU Aikido)",Manhattan,KS,USA,"Don Eisele",0,https://littleappledojo.com/
dojo:lokahi-ki-aikido-dojo,"Lokahi Ki Aikido Dojo",,Hawaii,USA,"Charles Boyer",0,http://www.hawaiikiaikido.org/
dojo:long-beach-island-aikikai,"Long Beach Island Aikikai",Keyport,NJ,USA,"James Shaffer",0,http://www.aikidolbi.com/
dojo:loudoun-valley-ki-aikido,"Loudoun Valley Ki-Aikido",,Virginia,USA,,0,http://www.loudounaikido.org/
dojo:lunenburg-aikikai,"Lunenburg Aikikai",,,,"Jason Martell",0,http://www.lunenburgaikikai.org
dojo:maipu-kai-aikido-dojo,"Maipu Kai Aikido Dojo",,,,"Orlando Soto",0,http://www.aikidomaipukai.com
dojo:mandala-aikido,"Mandala Aikido",,,,"Martin Wise",0,http://mandalaaikido.com/
dojo:martha-s-vineyard-aikido-club,"Martha's Vineyard Aikido Club","West Tisbury",MA,USA,"Sean M. Conley",0,"No website."
dojo:maru-aikikai-south,"Maru Aikikai South",,,,,0,
dojo:marubashi-aikido-dojo,"MARUBASHI AIKIDO DOJO",,,,"Jorge Russo",0,https://aikidomarubashi.wordpress.com/
dojo:maryland-ki-society-montgomery-county,"Maryland Ki Society-Montgomery County",,Maryland,USA,"Koichi Kashiwaya / William R. Fairweather",0,https://southmountainaikido.com
dojo:mcgill-aikido,"McGill Aikido",,,,,0,
dojo:miami-aikikai,"Miami Aikikai",Miami,FL,USA,"Eliot W. Rifkin",0,https://www.miamiaikikai.com/
dojo:midland-ki-federation-usa-canada,"Midland Ki Federation USA/Canada",,Ohio,USA,"Koichi Kashiwaya",0,http://midlandki.org/
dojo:midwest-aikido-center,"Midwest Aikido Center",Chicago,IL,USA,"Naomi WENTWORTH",1,https://midwestaikidocenter.org/
dojo:mililani-ki-aikido-dojo,"Mililani Ki Aikido Dojo",,Hawaii,USA,"Eric Nonaka",0,http://www.hawaiikiaikido.org/
dojo:minnesota-ki-aikido,"Minnesota Ki-Aikido",,"South Carolina",USA,,0,http://www.mindbodyoneness.com/
dojo:mit-aikido-club,"MIT AIkido Club",Cambridge,MA,USA,"Matthew Bagedonow",0,https://aikido.mit.edu/
dojo:mohawk-valley-aikido,"Mohawk Valley Aikido","New Hartford",NY,USA,"Stephan Jerberger",0,"No website."
dojo:monserrate-aikido-bogota,"MONSERRATE AIKIDO BOGOTÁ",,,,"Alejandro Rojas Mora",0,https://www.facebook.com/monserratedojo
dojo:monteregie-aikikai,"Montérégie Aikikai",,,,"Joshua Layton",0,http://www.monteregieaikikai.com/
dojo:morihiro-saito-dojo-kan-sho-ryu,"MORIHIRO SAITO DOJO - KAN SHO RYU",,,,"Michel Casanova Casanova",0,N/A
dojo:moti-horenstein-mma-rockland-aikido,"Moti Horenstein MMA / Rockland Aikido","West Nyack",NY,USA,"Glen Matsuda",0,https://rocklandaikido.com
dojo:motor-city-aikido,"Motor City Aikido","Shelby Twp",MI,USA,"ERIC VOLLRATH",0,http://www.motorcityaikido.com
dojo:national-institute-of-health-aikido-club,"National Institute of Health Aikido Club",Bethesda,MD,USA,"Irvin Vann",0,
dojo:nations-aikikai,"Nations Aikikai",Houston,TX,USA,"Nelson Andujar",0,http://www.nationsaikikai.org/
dojo:ne-portland-ki-aikido-dojo,"NE Portland Ki Aikido Dojo",,Oregon,USA,"Jon Maxson",0,http://www.oregonki.org
dojo:new-castle-aikikai,"New Castle Aikikai","New Castle",PA,USA,"Andrew P. Demko",0,http://aikidoncpa@yahoo.com
dojo:new-england-aikikai,"New England Aikikai",Cambridge,MA,USA,"Sharon Kanai",1,http://www.neaikikai.org/
dojo:new-haven-aikikai,"NEW HAVEN AIKIKAI","New Haven",CT,USA,"Liese Klein",0,http://www.newhavenaikikai.com/
dojo:new-york-aikikai,"New York Aikikai","New York",NY,USA,"Steven Pimsler",1,http://www.nyaikikai.com/
dojo:new-york-ki-aikido,"New York Ki Aikido",,"South Carolina",USA,,0,http://www.newyorkkiaikido.com/
dojo:newport-beach-aikikai,"Newport Beach Aikikai","Newport Beach",CA,USA,"Gentil Pennewaert",0,http://aikido-orangecounty.com
dojo:niagara-falls-aikikai,"NIAGARA FALLS AIKIKAI","Niagara Falls",ON,Canada,"Raymond Caldwell",0,http://www.niagarafallsaikikai.ca
dojo:niji-dojo-asociacion-morihei-ueshiba-del-peru,"NIJI DOJO - ASOCIACIÓN MORIHEI UESHIBA DEL PERÚ",,,,"Miguel Antonio Morales-Bermudez Field",0,https://asociacionmueshiba.pe
dojo:north-carolina-state-university-aikido-club,"NORTH CAROLINA STATE UNIVERSITY AIKIDO CLUB",Raleigh,NC,USA,"Christopher Crandall",0,https://orgs.ncsu.edu/aikido/about-us/
dojo:north-coast-aikikai,"North Coast Aikikai",Willoughby,OH,USA,"Salvatore J. Lacorte",0,http://www.ncaikikai.com/
dojo:north-lawrence-ki-aikido-lawrence-parks-recreation,"North Lawrence Ki-Aikido – Lawrence Parks & Recreation",,Kansas,USA,"Koichi Kashiwaya / H. Vic Montgomery / William Perkins",0,
dojo:north-shore-aikido-torashinkan-dojo,"North Shore Aikido / Torashinkan Dojo",Northbrook,IL,USA,"Josh Weiser",0,https://nsaikido.com/
dojo:northern-california-ki-society,"Northern California Ki Society",,California,USA,"Pietro Maida",0,http://www.kiaikido.org/
dojo:northern-virginia-aikikai,"Northern Virginia Aikikai",Arlington,VA,USA,"Gordon Sakamoto",0,http://www.aikidoka.com/
dojo:northern-virginia-ki-aikido,"Northern Virginia Ki-Aikido",,Virginia,USA,,0,http://www.novakiaikido.org/
dojo:northwest-ki-federation,"Northwest Ki Federation",,Argentina,USA,"Calvin Tabata",0,http://www.oregonki.org
dojo:notting-hill-aikikai,"Notting Hill Aikikai",,,,"Anthea P. Pascaris",0,http://www.nottinghillaikikai.co.uk/
dojo:ny-eastside-aikikai,"NY Eastside Aikikai","New York",NY,USA,"Ken Yamazaki",0,http://www.nyeaikikai.com/
dojo:obiji-dojo,"Obiji Dojo",,Kansas,USA,"Koichi Kashiwaya / H. Vic Montgomery / Mel Smith",0,
dojo:old-city-aikido,"OLD CITY AIKIDO",Philadelphia,PA,USA,"Jason Perna",0,https://www.oldcityaikido.com/
dojo:open-sky-aikikai,"Open Sky Aikikai",Hillsborough,NC,USA,"Steven Kaufmann",0,http://openskymartialarts.com/
dojo:orange-county-ki-society,"Orange County Ki Society",,California,USA,"John Gilmore",0,http://www.orangecountyki.org
dojo:oregon-ki-society,"Oregon Ki Society",,Oregon,USA,"Brenda Tam & Louis Sloss",0,http://www.oregonki.org/
dojo:ottawa-aikido-centre,"Ottawa Aikido Centre",,,,"Gary Roberts",0,"No website."
dojo:palm-beach-aikikai,"Palm Beach Aikikai","W. Palm Beach",FL,USA,"Richard Wagener",0,http://www.palmbeachaikikai.com/
dojo:pasadena-aikikai,"Pasadena Aikikai",Pasadena,CA,USA,"Ray Feliciano",0,http://pasadenaaikikai.com
dojo:pathway-to-harmony,"Pathway to Harmony",,,,"Rick Butler",0,https://pathwaytoharmony.com
dojo:pax-river-aikikai,"Pax River Aikikai",Leonardtown,MD,USA,"David A. Norton",0,"No website."
dojo:peachtree-aikikai-atlanta,"Peachtree Aikikai Atlanta",Atlanta,GA,USA,"Blue Spruell",0,http://www.peachtreeaikikai.com/
dojo:personal-kiatsu-school,"Personal Kiatsu School",,Oregon,USA,"Terry Copperman",0,http://www.oregonki.org
dojo:philadelphia-ki-aikido,"Philadelphia Ki-Aikido",,"South Carolina",USA,,0,http://www.njks.org/
dojo:pinellas-county-aikikai,"Pinellas County Aikikai","Tarpon Springs",FL,USA,"Reuven Lirov",0,http://www.aikidopinellas.com/
dojo:plano-aikido-center,"Plano Aikido Center",Plano,TX,USA,"Sidney Shiba",0,http://www.planoaikido.com
dojo:pompano-beach-aikikai,"Pompano Beach Aikikai","Pompano Beach",FL,USA,"David Mata",0,"No website."
dojo:portland-aikido,"Portland Aikido",Portland,ME,USA,"Christopher L. Clark",0,http://www.portlandaikido.org/
dojo:portland-aikikai,"Portland Aikikai",Portland,OR,USA,"Ty Barker",0,http://portlandaikikai.com/
dojo:postojna,Postojna,,,,"Matjaz Dobravec",0,https://shodokan.si
dojo:prairie-aikikai,"Prairie Aikikai","Des Moines",IA,USA,"Richard L. Mintz",0,http://www.prairieaikikai.org
dojo:pro-sessions-aikido-11th-st,"Pro-Sessions Aikido – 11th St",Upland,CA,USA,"Eugene Morales",0,https://prosessionsaikido.com
dojo:pro-sessions-aikido-dewey-way,"Pro-Sessions Aikido – Dewey Way",Upland,CA,USA,"Eugene Morales",0,https://prosessionsaikido.com
dojo:providence-aikikai,"PROVIDENCE AIKIKAI",Pawtucket,RI,USA,"David Halprin Shihan",0,https://www.aikidoprovidence.com/
dojo:raleigh-aikikai,"RALEIGH AIKIKAI",Raleigh,NC,USA,"Christopher Crandall",0,http://www.raleighaikikai.com/
dojo:raleigh-ki-aikido,"Raleigh Ki-Aikido",,"South Carolina",USA,,0,http://www.raleighkiaikido.com/
dojo:rocy-mountain-ki-society-westminster-ki-aikido-dojo,"Rocy Mountain Ki Society — Westminster Ki Aikido Dojo",,Argentina,USA,"Koichi Kashiwaya / Derek Nabel",0,http://www.rmks.org
dojo:ronin-dojo,"RONIN DOJO",,,,"Mariusz Kantek",0,N/A
dojo:ryoshinkan-dojo,"Ryoshinkan Dojo",,IL,USA,"Tim Spies",0,https://aikidoresolutions.com
dojo:ryushin-juku,"Ryushin Juku","Los Angeles",CA,USA,"Yukihisa Aokusa",0,http://ryushinjuku.org
dojo:ryushinkan-dojo,"Ryushinkan Dojo","San Diego",CA,USA,"Martin Katz",0,https://www.ryushinkandojo.org
dojo:sadkane-school-for-aikido,"Sadkane School for Aikido",,,,,0,
dojo:samay-dojo-asociacion-morihei-ueshiba-del-peru,"SAMAY DOJO - ASOCIACIÓN MORIHEI UESHIBA DEL PERÚ",,,,"Carola Robles",0,https://www.facebook.com/casacon.tacto
dojo:samurai-dojo-asociacion-samurai-aikido-kawai,"SAMURAI DOJO - ASOCIACION SAMURAI AIKIDO KAWAI",,,,"Enrique Silvera",0,https://www.aikido.com.uy
dojo:san-diego-aikikai,"San Diego Aikikai","San Diego",CA,USA,"Kazuo Chiba",1,
dojo:san-francisco-aikikai,"San Francisco Aikikai","San Francisco",CA,USA,"Lauren Mallas",0,http://www.sfaikikai.com/
dojo:san-juan-aikikai,"San Juan Aikikai","San Juan",PR,USA,"JAVIER VAZQUEZ-BRAVO",0,https://www.facebook.com/sjaikikai
dojo:sand-drift-aikido,"Sand Drift Aikido",Cocoa,FL,USA,"Randy Beck",0,http://www.sanddriftaikido.com
dojo:sand-drift-aikikai,"Sand Drift Aikikai",,,,,0,
dojo:sangamon-aikikai,"Sangamon Aikikai",Springfield,IL,USA,"Lenore I. Killam",0,https://www.sangamonaikikai.com/
dojo:sanshin-dojo,"SANSHIN DOJO",,,,"Everest Guix Fermín",0,N/A
dojo:santa-barbara-ki-aikido-dojo,"Santa Barbara Ki Aikido Dojo",,California,USA,"David Almcrantz",0,
dojo:santa-fe-budokan,"Santa Fe Budokan","Santa Fe",NM,USA,"Damon G. Apodaca",0,http://www.sfbudokan.com
dojo:santa-fe-ki-society,"Santa Fe Ki Society",,"New Mexico",USA,"Kim Sorvig",0,
dojo:santiago-del-estero-aikikai,"SANTIAGO DEL ESTERO AIKIKAI",,,,"Leandro Obligado",0,N/A
dojo:savannah-aikikai,"Savannah Aikikai",Savannah,GA,USA,"Alan James Gay",0,http://www.savannahaikikai.com/
dojo:sei-fu-kai,"SEI FU KAI",,,,"Mikhail Korozei",0,N/A
dojo:seishinkan-dojo,"Seishinkan Dojo",Dickinson,TX,USA,"Walter Marker",0,http://www.honoluluki.org/
dojo:senshi-dojo,"Senshi Dojo","Johnson City",NY,USA,"Jeffrey A. Gonz",0,
dojo:shidokizen-dojo,"SHIDOKIZEN DOJO",,,,"Baruc Hunck",0,N/A
dojo:shindokan-dojo,"Shindokan Dojo",,,,Mission,0,https://shindokan.es
dojo:shinshinkan-dojo-blue-rapids,"Shinshinkan Dojo – Blue Rapids","Blue Rapids",KS,USA,Mission,0,https://facebook.com/profile.php?id=100090601984581
dojo:shishinkan-dojo-rockland-aikido,"Shishinkan Dojo / Rockland Aikido",Norwood,NJ,USA,"Glen Matsuda",0,https://rocklandaikido.com
dojo:shodokan,Shodokan,Beverly,MA,USA,"Robert A. Whelan",0,http://www.shodokan.org/
dojo:shodokan-dojo,"Shodokan Dojo",,,,"Matjaz Dobravec",0,https://shodokan.si
dojo:shoshinkan,Shoshinkan,"Las Vegas",NV,USA,"Fulvio Mateo",0,http://www.shoshinkanlv.com
dojo:shoshinkan-dojo,"Shoshinkan Dojo",,,,"Rick Testa",0,https://facebook.com/shoshinkanri
dojo:shudokan-dojo,"Shudokan Dojo",,,"Crowne Plaza Hotel","Abdulrazzaq Alissa",0,
dojo:shunshinkan-dojo,"Shunshinkan Dojo",,Hawaii,USA,"Tracy Reasoner",0,https://www.mauikiaikido.com/
dojo:skylands-aikikai,"Skylands Aikikai","Mine Hill",NJ,USA,"Karen De Paola",0,http://www.skylandsaikikai.com/
dojo:south-bay-aikikai,"South Bay Aikikai","Mountain View",CA,USA,"Gustavo Rearte",0,"No website."
dojo:south-carolina-ki-aikido,"South Carolina Ki Aikido",,"South Carolina",USA,,0,http://www.southcarolinakiaikido.com/
dojo:south-mountain-aikido-frederick-ki-society-mkf,"South Mountain Aikido-Frederick Ki Society / MKF",,Maryland,USA,"Koichi Kashiwaya / Joe DeCapua",0,https://southmountainaikido.com
dojo:southern-california-ki-society,"Southern California Ki Society",,California,USA,"Clarence Chinn",0,
dojo:southern-live-oak-dojo-of-coastal-georgia,"Southern Live Oak Dojo of Coastal Georgia",Statesboro,GA,USA,"Donald Slater",0,"No website."
dojo:southern-maryland-aikido-center,"Southern Maryland Aikido Center",Waldorf,MD,USA,"Darrell Grant",0,http://smdaikido.com/
dojo:southernmost-aikikai,"Southernmost Aikikai","Big Pine Key",FL,USA,"John Duke",0,https://www.facebook.com/AikidoSouthernmostaikikai
dojo:southland-aikido,"Southland Aikido","Monterey Park",CA,USA,"James Graves",0,http://southlandaikido.org/
dojo:southside-aikido-club,"Southside Aikido Club","Peachtree City",GA,USA,"Timothy J. Antrim",0,http://www.southsideaikido.com
dojo:springfield-aikido-school,"Springfield Aikido School",Springfield,MO,USA,"Chuck  Renner",0,"No website."
dojo:st-ives-aiki-dojo,"St. Ives Aiki Dojo",,,,"Nicholas Howes",0,http://www.stives-aiki-dojo.org.uk/
dojo:st-louis-ki-aikido,"St. Louis Ki Aikido",,Missouri,USA,"Koichi Kashiwaya /Richard Blanke",0,http://www.stlki.org
dojo:staunton-aikikai,"Staunton Aikikai",Staunton,VA,USA,"James Jacenich",0,https://www.stauntonaikikai.com
dojo:suidokan-dojo,"Suidokan Dojo",,,,"Maite Fuertemoreno",0,https://aikisur.es
dojo:summit-view-aikido,"Summit View Aikido",Camillus,NY,USA,"Cong Nguyen",0,http://www.summitviewaikido.com/
dojo:syracuse-university-aikido-club,"Syracuse University Aikido Club",Syracuse,NY,USA,"Masako Nakatsugawa",0,"No website."
dojo:taipei-budokai,"Taipei Budokai",,,,"Edward Lin",0,http://www.taipeibudokai.com
dojo:takushinkan-dojo,"Takushinkan Dojo",,Oregon,USA,"Bob Hart & Brenda Tam",0,http://www.oregonki.org
dojo:tarzana-aikikai,"Tarzana Aikikai","Woodland Hills",CA,USA,"Robert Hyatt",0,http://www.tarzanaaikikai.com
dojo:team-silva-aikido-colombia,"TEAM SILVA AIKIDO COLOMBIA",,,,"Jorge Silva",0,https://www.facebook.com/aikidoiwamaclub/
dojo:tenchi-aikido-of-somerset,"Tenchi Aikido of Somerset",Bridgewater,NJ,USA,"Marie Torrecampo",0,https://www.tenchiaikidosomerset.com/
dojo:tenzan-aikido,"Tenzan Aikido",Seattle,WA,USA,"Melissa Pittman Fischer",0,http://www.tenzanaikido.com
dojo:the-university-of-chicago-shin-shin-toitsu-aikido-club,"The University of Chicago Shin Shin Tōitsu Aikidō Club",,Illinois,USA,"Kağan Arık",0,
dojo:the-wind-on-the-top-of-the-mountain,"THE WIND ON THE TOP OF THE MOUNTAIN",,,,"Fiona Blyth",0,N/A
dojo:toronto-aikikai,"TORONTO AIKIKAI",,,,"Robert Zimmermann Shihan",0,http://www.torontoaikikai.com
dojo:torrance-ki-aikido-dojo,"Torrance Ki Aikido Dojo",,California,USA,"Young nguyen",0,http://torranceaikidoclub.org/
dojo:traditional-aikido-qatar,"Traditional Aikido Qatar",,,,Mission,0,https://pinoytkd.com
dojo:tres-rios-paraiso-aikikai,"TRES RIOS PARAISO AIKIKAI",,,,"Allen Kline",0,https://tres-rios-paraiso-aikikai.webnode.page/
dojo:triangle-aikido,"TRIANGLE AIKIDO",Durham,NC,USA,"Charlene M. Reiss",0,http://triangleaikido.com/
dojo:tsushinkan-dojo,"Tsushinkan Dojo",,,,"Yousef Alsuwayed",0,https://instagram.com/q8aikido
dojo:twin-cities-aikido-center,"Twin Cities Aikido Center","St. Paul",MN,USA,"Calvin E. Blanchard",0,http://www.tcaikido.com/
dojo:two-circles-aikido-dojo,"Two Circles Aikido Dojo",,,,"John Edge",0,https://twocircles.org.uk
dojo:uba-dojo,"UBA DOJO",,,,"Rafael Pacheco",0,http://dojokokyuhovzla.org.ve/
dojo:upstate-aikido,"Upstate Aikido",Anderson,SC,USA,"MICHAEL A. LAMBERT",0,http://upstateaikido.com
dojo:usaf-academy-aikido-club,"USAF Academy Aikido Club",USAFA,CO,USA,"Edward Peteroy",0,"No website."
dojo:uvu-aikido-club,"UVU Aikido Club",Orem,UT,USA,"Marc Hugentobler",0,https://uvuaikidoclub.blogspot.com
dojo:valley-aikido,"Valley Aikido",Northampton,MA,USA,"Julia M. Freedgood",0,http://www.valleyaikido.org/
dojo:venezuela-aikido-kokyu-ho-dojo,"VENEZUELA AIKIDO KOKYU HO DOJO",,,,"Rafael Pacheco",0,http://dojokokyuhovzla.org.ve/
dojo:violet-crown-aikikai,"Violet Crown Aikikai",Austin,TX,USA,"Vincent Hauser",0,"No website."
dojo:waianae-coast-aikido,"Waianae Coast Aikido",Waianae,HI,USA,"Geraldine Tremblay",0,http://www.waianaecoastaikido.com
dojo:water-oak-aikikai,"Water Oak Aikikai",Weddington,NC,USA,"William McLuskie",0,http://www.water-oak.net/aikikai
dojo:water-s-edge-aikikai,"Water's Edge Aikikai",Catonsville,MD,USA,"Margaret S. Bower",0,http://www.watersedgeaikikai.com/
dojo:west-georgia-aikikai,"West Georgia Aikikai",Carrolton,GA,USA,"Garn G. Sherman",0,http://wgaikikai.com/
dojo:west-linn-dojo,"West Linn Dojo",,Oregon,USA,"Paul Ward",0,http://www.oregonki.org
dojo:wildflower-aikikai,"Wildflower Aikikai","CANYON LAKE",TX,USA,"Noel Murphy",0,https://wildfloweraikikai.wixsite.com/aikido-canyonlake-tx
dojo:woodstock-aikido,"Woodstock Aikido",Woodstock,NY,USA,"Harvey Konigsberg",0,https://woodstockaikidollc.com
dojo:yama-kawa-dojo-school-of-aikido-and-iaido,"Yama Kawa Dojo - School of Aikido and Iaido",Schenectady,NY,USA,"SUZANNE RANCOURT",0,https://yamakawadojo.net/
dojo:zanshinkan-aikido-dubai,"Zanshinkan Aikido Dubai",,,,"Cathy Darnell",0,https://aikidodubai.com
